acc,sequence,position,code,pmids,kinases,source,species,entry_date
O08539,MAEMGSKGVTAGKIASNVQKKLTRAQEKVLQKLGKADETKDEQFEQCVQNFNKQLTEGTRLQKDLRTYLASVKAMHEASKKLSECLQEVYEPEWPGRDEANKIAENNDLLWMDYHQKLVDQALLTMDTYLGQFPDIKSRIAKRGRKLVDYDSARHHYESLQTAKKKDEAKIAKPVSLLEKAAPQWCQGKLQAHLVAQTNLLRNQAEEELIKAQKVFEEMNVDLQEELPSLWNSRVGFYVNTFQSIAGLEENFHKEMSKLNQNLNDVLVSLEKQHGSNTFTVKAQPSDNAPEKGNKSPSPPPDGSPAATPEIRVNHEPEPASGASPGATIPKSPSQLRKGPPVPPPPKHTPSKEMKQEQILSLFDDAFVPEISVTTPSQFEAPGPFSEQASLLDLDFEPLPPVASPVKAPTPSGQSIPWDLWEPTESQAGILPSGEPSSAEGSFAVAWPSQTAEPGPAQPAEASEVVGGAQEPGETAASEATSSSLPAVVVETFSATVNGAVEGSAGTGRLDLPPGFMFKVQAQHDYTATDTDELQLKAGDVVLVIPFQNPEEQDEGWLMGVKESDWNQHKELEKCRGVFPENFTERVQ,304,S,17114649,,HTP,Mus musculus,2005-03-14 12:16:11.108314+01
O08539,MAEMGSKGVTAGKIASNVQKKLTRAQEKVLQKLGKADETKDEQFEQCVQNFNKQLTEGTRLQKDLRTYLASVKAMHEASKKLSECLQEVYEPEWPGRDEANKIAENNDLLWMDYHQKLVDQALLTMDTYLGQFPDIKSRIAKRGRKLVDYDSARHHYESLQTAKKKDEAKIAKPVSLLEKAAPQWCQGKLQAHLVAQTNLLRNQAEEELIKAQKVFEEMNVDLQEELPSLWNSRVGFYVNTFQSIAGLEENFHKEMSKLNQNLNDVLVSLEKQHGSNTFTVKAQPSDNAPEKGNKSPSPPPDGSPAATPEIRVNHEPEPASGASPGATIPKSPSQLRKGPPVPPPPKHTPSKEMKQEQILSLFDDAFVPEISVTTPSQFEAPGPFSEQASLLDLDFEPLPPVASPVKAPTPSGQSIPWDLWEPTESQAGILPSGEPSSAEGSFAVAWPSQTAEPGPAQPAEASEVVGGAQEPGETAASEATSSSLPAVVVETFSATVNGAVEGSAGTGRLDLPPGFMFKVQAQHDYTATDTDELQLKAGDVVLVIPFQNPEEQDEGWLMGVKESDWNQHKELEKCRGVFPENFTERVQ,304,S,17242355,,HTP,Mus musculus,2005-03-14 12:16:11.108314+01
O08539,MAEMGSKGVTAGKIASNVQKKLTRAQEKVLQKLGKADETKDEQFEQCVQNFNKQLTEGTRLQKDLRTYLASVKAMHEASKKLSECLQEVYEPEWPGRDEANKIAENNDLLWMDYHQKLVDQALLTMDTYLGQFPDIKSRIAKRGRKLVDYDSARHHYESLQTAKKKDEAKIAKPVSLLEKAAPQWCQGKLQAHLVAQTNLLRNQAEEELIKAQKVFEEMNVDLQEELPSLWNSRVGFYVNTFQSIAGLEENFHKEMSKLNQNLNDVLVSLEKQHGSNTFTVKAQPSDNAPEKGNKSPSPPPDGSPAATPEIRVNHEPEPASGASPGATIPKSPSQLRKGPPVPPPPKHTPSKEMKQEQILSLFDDAFVPEISVTTPSQFEAPGPFSEQASLLDLDFEPLPPVASPVKAPTPSGQSIPWDLWEPTESQAGILPSGEPSSAEGSFAVAWPSQTAEPGPAQPAEASEVVGGAQEPGETAASEATSSSLPAVVVETFSATVNGAVEGSAGTGRLDLPPGFMFKVQAQHDYTATDTDELQLKAGDVVLVIPFQNPEEQDEGWLMGVKESDWNQHKELEKCRGVFPENFTERVQ,304,S,15345747,,HTP,Mus musculus,2005-03-14 12:16:11.108314+01
O08539,MAEMGSKGVTAGKIASNVQKKLTRAQEKVLQKLGKADETKDEQFEQCVQNFNKQLTEGTRLQKDLRTYLASVKAMHEASKKLSECLQEVYEPEWPGRDEANKIAENNDLLWMDYHQKLVDQALLTMDTYLGQFPDIKSRIAKRGRKLVDYDSARHHYESLQTAKKKDEAKIAKPVSLLEKAAPQWCQGKLQAHLVAQTNLLRNQAEEELIKAQKVFEEMNVDLQEELPSLWNSRVGFYVNTFQSIAGLEENFHKEMSKLNQNLNDVLVSLEKQHGSNTFTVKAQPSDNAPEKGNKSPSPPPDGSPAATPEIRVNHEPEPASGASPGATIPKSPSQLRKGPPVPPPPKHTPSKEMKQEQILSLFDDAFVPEISVTTPSQFEAPGPFSEQASLLDLDFEPLPPVASPVKAPTPSGQSIPWDLWEPTESQAGILPSGEPSSAEGSFAVAWPSQTAEPGPAQPAEASEVVGGAQEPGETAASEATSSSLPAVVVETFSATVNGAVEGSAGTGRLDLPPGFMFKVQAQHDYTATDTDELQLKAGDVVLVIPFQNPEEQDEGWLMGVKESDWNQHKELEKCRGVFPENFTERVQ,296,S,17114649,,HTP,Mus musculus,2007-07-13 15:17:45.666219+02
O08539,MAEMGSKGVTAGKIASNVQKKLTRAQEKVLQKLGKADETKDEQFEQCVQNFNKQLTEGTRLQKDLRTYLASVKAMHEASKKLSECLQEVYEPEWPGRDEANKIAENNDLLWMDYHQKLVDQALLTMDTYLGQFPDIKSRIAKRGRKLVDYDSARHHYESLQTAKKKDEAKIAKPVSLLEKAAPQWCQGKLQAHLVAQTNLLRNQAEEELIKAQKVFEEMNVDLQEELPSLWNSRVGFYVNTFQSIAGLEENFHKEMSKLNQNLNDVLVSLEKQHGSNTFTVKAQPSDNAPEKGNKSPSPPPDGSPAATPEIRVNHEPEPASGASPGATIPKSPSQLRKGPPVPPPPKHTPSKEMKQEQILSLFDDAFVPEISVTTPSQFEAPGPFSEQASLLDLDFEPLPPVASPVKAPTPSGQSIPWDLWEPTESQAGILPSGEPSSAEGSFAVAWPSQTAEPGPAQPAEASEVVGGAQEPGETAASEATSSSLPAVVVETFSATVNGAVEGSAGTGRLDLPPGFMFKVQAQHDYTATDTDELQLKAGDVVLVIPFQNPEEQDEGWLMGVKESDWNQHKELEKCRGVFPENFTERVQ,296,S,17242355,,HTP,Mus musculus,2007-07-13 15:17:45.666219+02
O08539,MAEMGSKGVTAGKIASNVQKKLTRAQEKVLQKLGKADETKDEQFEQCVQNFNKQLTEGTRLQKDLRTYLASVKAMHEASKKLSECLQEVYEPEWPGRDEANKIAENNDLLWMDYHQKLVDQALLTMDTYLGQFPDIKSRIAKRGRKLVDYDSARHHYESLQTAKKKDEAKIAKPVSLLEKAAPQWCQGKLQAHLVAQTNLLRNQAEEELIKAQKVFEEMNVDLQEELPSLWNSRVGFYVNTFQSIAGLEENFHKEMSKLNQNLNDVLVSLEKQHGSNTFTVKAQPSDNAPEKGNKSPSPPPDGSPAATPEIRVNHEPEPASGASPGATIPKSPSQLRKGPPVPPPPKHTPSKEMKQEQILSLFDDAFVPEISVTTPSQFEAPGPFSEQASLLDLDFEPLPPVASPVKAPTPSGQSIPWDLWEPTESQAGILPSGEPSSAEGSFAVAWPSQTAEPGPAQPAEASEVVGGAQEPGETAASEATSSSLPAVVVETFSATVNGAVEGSAGTGRLDLPPGFMFKVQAQHDYTATDTDELQLKAGDVVLVIPFQNPEEQDEGWLMGVKESDWNQHKELEKCRGVFPENFTERVQ,298,S,17114649,,HTP,Mus musculus,2005-03-14 12:16:10.997726+01
O08539,MAEMGSKGVTAGKIASNVQKKLTRAQEKVLQKLGKADETKDEQFEQCVQNFNKQLTEGTRLQKDLRTYLASVKAMHEASKKLSECLQEVYEPEWPGRDEANKIAENNDLLWMDYHQKLVDQALLTMDTYLGQFPDIKSRIAKRGRKLVDYDSARHHYESLQTAKKKDEAKIAKPVSLLEKAAPQWCQGKLQAHLVAQTNLLRNQAEEELIKAQKVFEEMNVDLQEELPSLWNSRVGFYVNTFQSIAGLEENFHKEMSKLNQNLNDVLVSLEKQHGSNTFTVKAQPSDNAPEKGNKSPSPPPDGSPAATPEIRVNHEPEPASGASPGATIPKSPSQLRKGPPVPPPPKHTPSKEMKQEQILSLFDDAFVPEISVTTPSQFEAPGPFSEQASLLDLDFEPLPPVASPVKAPTPSGQSIPWDLWEPTESQAGILPSGEPSSAEGSFAVAWPSQTAEPGPAQPAEASEVVGGAQEPGETAASEATSSSLPAVVVETFSATVNGAVEGSAGTGRLDLPPGFMFKVQAQHDYTATDTDELQLKAGDVVLVIPFQNPEEQDEGWLMGVKESDWNQHKELEKCRGVFPENFTERVQ,298,S,17242355,,HTP,Mus musculus,2005-03-14 12:16:10.997726+01
O08539,MAEMGSKGVTAGKIASNVQKKLTRAQEKVLQKLGKADETKDEQFEQCVQNFNKQLTEGTRLQKDLRTYLASVKAMHEASKKLSECLQEVYEPEWPGRDEANKIAENNDLLWMDYHQKLVDQALLTMDTYLGQFPDIKSRIAKRGRKLVDYDSARHHYESLQTAKKKDEAKIAKPVSLLEKAAPQWCQGKLQAHLVAQTNLLRNQAEEELIKAQKVFEEMNVDLQEELPSLWNSRVGFYVNTFQSIAGLEENFHKEMSKLNQNLNDVLVSLEKQHGSNTFTVKAQPSDNAPEKGNKSPSPPPDGSPAATPEIRVNHEPEPASGASPGATIPKSPSQLRKGPPVPPPPKHTPSKEMKQEQILSLFDDAFVPEISVTTPSQFEAPGPFSEQASLLDLDFEPLPPVASPVKAPTPSGQSIPWDLWEPTESQAGILPSGEPSSAEGSFAVAWPSQTAEPGPAQPAEASEVVGGAQEPGETAASEATSSSLPAVVVETFSATVNGAVEGSAGTGRLDLPPGFMFKVQAQHDYTATDTDELQLKAGDVVLVIPFQNPEEQDEGWLMGVKESDWNQHKELEKCRGVFPENFTERVQ,298,S,15345747,,HTP,Mus musculus,2005-03-14 12:16:10.997726+01
O08539,MAEMGSKGVTAGKIASNVQKKLTRAQEKVLQKLGKADETKDEQFEQCVQNFNKQLTEGTRLQKDLRTYLASVKAMHEASKKLSECLQEVYEPEWPGRDEANKIAENNDLLWMDYHQKLVDQALLTMDTYLGQFPDIKSRIAKRGRKLVDYDSARHHYESLQTAKKKDEAKIAKPVSLLEKAAPQWCQGKLQAHLVAQTNLLRNQAEEELIKAQKVFEEMNVDLQEELPSLWNSRVGFYVNTFQSIAGLEENFHKEMSKLNQNLNDVLVSLEKQHGSNTFTVKAQPSDNAPEKGNKSPSPPPDGSPAATPEIRVNHEPEPASGASPGATIPKSPSQLRKGPPVPPPPKHTPSKEMKQEQILSLFDDAFVPEISVTTPSQFEAPGPFSEQASLLDLDFEPLPPVASPVKAPTPSGQSIPWDLWEPTESQAGILPSGEPSSAEGSFAVAWPSQTAEPGPAQPAEASEVVGGAQEPGETAASEATSSSLPAVVVETFSATVNGAVEGSAGTGRLDLPPGFMFKVQAQHDYTATDTDELQLKAGDVVLVIPFQNPEEQDEGWLMGVKESDWNQHKELEKCRGVFPENFTERVQ,308,T,17242355,,HTP,Mus musculus,2007-07-13 15:17:45.732447+02
O08605,MVSSQKLEKPIEMGSSEPLPIVDSDKRRKKKRKTRATDSLPGKFEDVYQLTSELLGEGAYAKVQGAVNLQSGKEYAVKIIEKQAGHSRSRVFREVETLYQCQGNRNILELIEFFEDDTRFYLVFEKLQGGSILAHIQKRKHFNEREASRVVRDVATALDFLHTKGIAHRDLKPENILCESPEKVSPVKICDFDLGSGVKLNNSCTPITTPELTTPCGSAEYMAPEVVEVFRDEATFYDKRCDLWSLGVVLYIMLSGYPPFVGHCGADCGWDRGEVCRMCQNKLFESIQEGKYEFPDKDWAHISNEAKDLISKLLVRDAKQRLSAAQVLQHPWVQGQAPERGLPTPQVLQRNSSTMDLTLFAAEAIALNRQLSQHEENELAEEQEALAEGLCSMKLSPPSKSRLARRRALAQAGRSRDANPCLTPAGL,39,S,15234964,PAK2,LTP,Mus musculus,2005-11-21 09:43:56.407579+01
O08605,MVSSQKLEKPIEMGSSEPLPIVDSDKRRKKKRKTRATDSLPGKFEDVYQLTSELLGEGAYAKVQGAVNLQSGKEYAVKIIEKQAGHSRSRVFREVETLYQCQGNRNILELIEFFEDDTRFYLVFEKLQGGSILAHIQKRKHFNEREASRVVRDVATALDFLHTKGIAHRDLKPENILCESPEKVSPVKICDFDLGSGVKLNNSCTPITTPELTTPCGSAEYMAPEVVEVFRDEATFYDKRCDLWSLGVVLYIMLSGYPPFVGHCGADCGWDRGEVCRMCQNKLFESIQEGKYEFPDKDWAHISNEAKDLISKLLVRDAKQRLSAAQVLQHPWVQGQAPERGLPTPQVLQRNSSTMDLTLFAAEAIALNRQLSQHEENELAEEQEALAEGLCSMKLSPPSKSRLARRRALAQAGRSRDANPCLTPAGL,34,T,15234964,PAK2,LTP,Mus musculus,2005-11-21 09:43:56.174542+01
O08605,MVSSQKLEKPIEMGSSEPLPIVDSDKRRKKKRKTRATDSLPGKFEDVYQLTSELLGEGAYAKVQGAVNLQSGKEYAVKIIEKQAGHSRSRVFREVETLYQCQGNRNILELIEFFEDDTRFYLVFEKLQGGSILAHIQKRKHFNEREASRVVRDVATALDFLHTKGIAHRDLKPENILCESPEKVSPVKICDFDLGSGVKLNNSCTPITTPELTTPCGSAEYMAPEVVEVFRDEATFYDKRCDLWSLGVVLYIMLSGYPPFVGHCGADCGWDRGEVCRMCQNKLFESIQEGKYEFPDKDWAHISNEAKDLISKLLVRDAKQRLSAAQVLQHPWVQGQAPERGLPTPQVLQRNSSTMDLTLFAAEAIALNRQLSQHEENELAEEQEALAEGLCSMKLSPPSKSRLARRRALAQAGRSRDANPCLTPAGL,344,T,9155017,,LTP,Mus musculus,2007-07-13 15:17:53.326899+02
O08605,MVSSQKLEKPIEMGSSEPLPIVDSDKRRKKKRKTRATDSLPGKFEDVYQLTSELLGEGAYAKVQGAVNLQSGKEYAVKIIEKQAGHSRSRVFREVETLYQCQGNRNILELIEFFEDDTRFYLVFEKLQGGSILAHIQKRKHFNEREASRVVRDVATALDFLHTKGIAHRDLKPENILCESPEKVSPVKICDFDLGSGVKLNNSCTPITTPELTTPCGSAEYMAPEVVEVFRDEATFYDKRCDLWSLGVVLYIMLSGYPPFVGHCGADCGWDRGEVCRMCQNKLFESIQEGKYEFPDKDWAHISNEAKDLISKLLVRDAKQRLSAAQVLQHPWVQGQAPERGLPTPQVLQRNSSTMDLTLFAAEAIALNRQLSQHEENELAEEQEALAEGLCSMKLSPPSKSRLARRRALAQAGRSRDANPCLTPAGL,214,T,10022874,,LTP,Mus musculus,2007-07-13 15:17:53.29689+02
O08605,MVSSQKLEKPIEMGSSEPLPIVDSDKRRKKKRKTRATDSLPGKFEDVYQLTSELLGEGAYAKVQGAVNLQSGKEYAVKIIEKQAGHSRSRVFREVETLYQCQGNRNILELIEFFEDDTRFYLVFEKLQGGSILAHIQKRKHFNEREASRVVRDVATALDFLHTKGIAHRDLKPENILCESPEKVSPVKICDFDLGSGVKLNNSCTPITTPELTTPCGSAEYMAPEVVEVFRDEATFYDKRCDLWSLGVVLYIMLSGYPPFVGHCGADCGWDRGEVCRMCQNKLFESIQEGKYEFPDKDWAHISNEAKDLISKLLVRDAKQRLSAAQVLQHPWVQGQAPERGLPTPQVLQRNSSTMDLTLFAAEAIALNRQLSQHEENELAEEQEALAEGLCSMKLSPPSKSRLARRRALAQAGRSRDANPCLTPAGL,209,T,10022874,,LTP,Mus musculus,2007-07-13 15:17:53.260792+02
O14543,MVTHSKFPAAGMSRPLDTSLRLKTFSSKSEYQLVVNAVRKLQESGFYWSAVTGGEANLLLSAEPAGTFLIRDSSDQRHFFTLSVKTQSGTKNLRIQCEGGSFSLQSDPRSTQPVPRFDCVLKLVHHYMPPPGAPSFPSPPTEPSSEVPEQPSAQPLPGSPPRRAYYIYSGGEKIPLVLSRPLSSNVATLQHLCRKTVNGHLDSYEKVTQLPGPIREFLDQYDAPL,204,Y,12783885,Lck,LTP,Homo sapiens,2006-10-17 12:06:48.16767+02
O14543,MVTHSKFPAAGMSRPLDTSLRLKTFSSKSEYQLVVNAVRKLQESGFYWSAVTGGEANLLLSAEPAGTFLIRDSSDQRHFFTLSVKTQSGTKNLRIQCEGGSFSLQSDPRSTQPVPRFDCVLKLVHHYMPPPGAPSFPSPPTEPSSEVPEQPSAQPLPGSPPRRAYYIYSGGEKIPLVLSRPLSSNVATLQHLCRKTVNGHLDSYEKVTQLPGPIREFLDQYDAPL,221,Y,12783885,,LTP,Homo sapiens,2006-10-17 12:06:48.271076+02
O14543,MVTHSKFPAAGMSRPLDTSLRLKTFSSKSEYQLVVNAVRKLQESGFYWSAVTGGEANLLLSAEPAGTFLIRDSSDQRHFFTLSVKTQSGTKNLRIQCEGGSFSLQSDPRSTQPVPRFDCVLKLVHHYMPPPGAPSFPSPPTEPSSEVPEQPSAQPLPGSPPRRAYYIYSGGEKIPLVLSRPLSSNVATLQHLCRKTVNGHLDSYEKVTQLPGPIREFLDQYDAPL,221,Y,15173187,Lck,LTP,Homo sapiens,2006-10-17 12:06:48.271076+02
O14746,MPRAPRCRAVRSLLRSHYREVLPLATFVRRLGPQGWRLVQRGDPAAFRALVAQCLVCVPWDARPPPAAPSFRQVSCLKELVARVLQRLCERGAKNVLAFGFALLDGARGGPPEAFTTSVRSYLPNTVTDALRGSGAWGLLLRRVGDDVLVHLLARCALFVLVAPSCAYQVCGPPLYQLGAATQARPPPHASGPRRRLGCERAWNHSVREAGVPLGLPAPGARRRGGSASRSLPLPKRPRRGAAPEPERTPVGQGSWAHPGRTRGPSDRGFCVVSPARPAEEATSLEGALSGTRHSHPSVGRQHHAGPPSTSRPPRPWDTPCPPVYAETKHFLYSSGDKEQLRPSFLLSSLRPSLTGARRLVETIFLGSRPWMPGTPRRLPRLPQRYWQMRPLFLELLGNHAQCPYGVLLKTHCPLRAAVTPAAGVCAREKPQGSVAAPEEEDTDPRRLVQLLRQHSSPWQVYGFVRACLRRLVPPGLWGSRHNERRFLRNTKKFISLGKHAKLSLQELTWKMSVRDCAWLRRSPGVGCVPAAEHRLREEILAKFLHWLMSVYVVELLRSFFYVTETTFQKNRLFFYRKSVWSKLQSIGIRQHLKRVQLRELSEAEVRQHREARPALLTSRLRFIPKPDGLRPIVNMDYVVGARTFRREKRAERLTSRVKALFSVLNYERARRPGLLGASVLGLDDIHRAWRTFVLRVRAQDPPPELYFVKVDVTGAYDTIPQDRLTEVIASIIKPQNTYCVRRYAVVQKAAHGHVRKAFKSHVSTLTDLQPYMRQFVAHLQETSPLRDAVVIEQSSSLNEASSGLFDVFLRFMCHHAVRIRGKSYVQCQGIPQGSILSTLLCSLCYGDMENKLFAGIRRDGLLLRLVDDFLLVTPHLTHAKTFLRTLVRGVPEYGCVVNLRKTVVNFPVEDEALGGTAFVQMPAHGLFPWCGLLLDTRTLEVQSDYSSYARTSIRASLTFNRGFKAGRNMRRKLFGVLRLKCHSLFLDLQVNSLQTVCTNIYKILLLQAYRFHACVLQLPFHQQVWKNPTFFLRVISDTASLCYSILKAKNAGMSLGAKGAAGPLPSEAVQWLCHQAFLLKLTRHRVTYVPLLGSLRTAQTQLSRKLPGTTLTALEAAANPALPSDFKTILD,797,S,16565220,,HTP,Homo sapiens,2006-10-17 11:57:53.909276+02
O14746,MPRAPRCRAVRSLLRSHYREVLPLATFVRRLGPQGWRLVQRGDPAAFRALVAQCLVCVPWDARPPPAAPSFRQVSCLKELVARVLQRLCERGAKNVLAFGFALLDGARGGPPEAFTTSVRSYLPNTVTDALRGSGAWGLLLRRVGDDVLVHLLARCALFVLVAPSCAYQVCGPPLYQLGAATQARPPPHASGPRRRLGCERAWNHSVREAGVPLGLPAPGARRRGGSASRSLPLPKRPRRGAAPEPERTPVGQGSWAHPGRTRGPSDRGFCVVSPARPAEEATSLEGALSGTRHSHPSVGRQHHAGPPSTSRPPRPWDTPCPPVYAETKHFLYSSGDKEQLRPSFLLSSLRPSLTGARRLVETIFLGSRPWMPGTPRRLPRLPQRYWQMRPLFLELLGNHAQCPYGVLLKTHCPLRAAVTPAAGVCAREKPQGSVAAPEEEDTDPRRLVQLLRQHSSPWQVYGFVRACLRRLVPPGLWGSRHNERRFLRNTKKFISLGKHAKLSLQELTWKMSVRDCAWLRRSPGVGCVPAAEHRLREEILAKFLHWLMSVYVVELLRSFFYVTETTFQKNRLFFYRKSVWSKLQSIGIRQHLKRVQLRELSEAEVRQHREARPALLTSRLRFIPKPDGLRPIVNMDYVVGARTFRREKRAERLTSRVKALFSVLNYERARRPGLLGASVLGLDDIHRAWRTFVLRVRAQDPPPELYFVKVDVTGAYDTIPQDRLTEVIASIIKPQNTYCVRRYAVVQKAAHGHVRKAFKSHVSTLTDLQPYMRQFVAHLQETSPLRDAVVIEQSSSLNEASSGLFDVFLRFMCHHAVRIRGKSYVQCQGIPQGSILSTLLCSLCYGDMENKLFAGIRRDGLLLRLVDDFLLVTPHLTHAKTFLRTLVRGVPEYGCVVNLRKTVVNFPVEDEALGGTAFVQMPAHGLFPWCGLLLDTRTLEVQSDYSSYARTSIRASLTFNRGFKAGRNMRRKLFGVLRLKCHSLFLDLQVNSLQTVCTNIYKILLLQAYRFHACVLQLPFHQQVWKNPTFFLRVISDTASLCYSILKAKNAGMSLGAKGAAGPLPSEAVQWLCHQAFLLKLTRHRVTYVPLLGSLRTAQTQLSRKLPGTTLTALEAAANPALPSDFKTILD,824,S,10224060,PKB_group,LTP,Homo sapiens,2004-12-31 00:00:00+01
O14746,MPRAPRCRAVRSLLRSHYREVLPLATFVRRLGPQGWRLVQRGDPAAFRALVAQCLVCVPWDARPPPAAPSFRQVSCLKELVARVLQRLCERGAKNVLAFGFALLDGARGGPPEAFTTSVRSYLPNTVTDALRGSGAWGLLLRRVGDDVLVHLLARCALFVLVAPSCAYQVCGPPLYQLGAATQARPPPHASGPRRRLGCERAWNHSVREAGVPLGLPAPGARRRGGSASRSLPLPKRPRRGAAPEPERTPVGQGSWAHPGRTRGPSDRGFCVVSPARPAEEATSLEGALSGTRHSHPSVGRQHHAGPPSTSRPPRPWDTPCPPVYAETKHFLYSSGDKEQLRPSFLLSSLRPSLTGARRLVETIFLGSRPWMPGTPRRLPRLPQRYWQMRPLFLELLGNHAQCPYGVLLKTHCPLRAAVTPAAGVCAREKPQGSVAAPEEEDTDPRRLVQLLRQHSSPWQVYGFVRACLRRLVPPGLWGSRHNERRFLRNTKKFISLGKHAKLSLQELTWKMSVRDCAWLRRSPGVGCVPAAEHRLREEILAKFLHWLMSVYVVELLRSFFYVTETTFQKNRLFFYRKSVWSKLQSIGIRQHLKRVQLRELSEAEVRQHREARPALLTSRLRFIPKPDGLRPIVNMDYVVGARTFRREKRAERLTSRVKALFSVLNYERARRPGLLGASVLGLDDIHRAWRTFVLRVRAQDPPPELYFVKVDVTGAYDTIPQDRLTEVIASIIKPQNTYCVRRYAVVQKAAHGHVRKAFKSHVSTLTDLQPYMRQFVAHLQETSPLRDAVVIEQSSSLNEASSGLFDVFLRFMCHHAVRIRGKSYVQCQGIPQGSILSTLLCSLCYGDMENKLFAGIRRDGLLLRLVDDFLLVTPHLTHAKTFLRTLVRGVPEYGCVVNLRKTVVNFPVEDEALGGTAFVQMPAHGLFPWCGLLLDTRTLEVQSDYSSYARTSIRASLTFNRGFKAGRNMRRKLFGVLRLKCHSLFLDLQVNSLQTVCTNIYKILLLQAYRFHACVLQLPFHQQVWKNPTFFLRVISDTASLCYSILKAKNAGMSLGAKGAAGPLPSEAVQWLCHQAFLLKLTRHRVTYVPLLGSLRTAQTQLSRKLPGTTLTALEAAANPALPSDFKTILD,1113,T,16094384,,HTP,Homo sapiens,2006-05-25 15:52:33.294654+02
O14746,MPRAPRCRAVRSLLRSHYREVLPLATFVRRLGPQGWRLVQRGDPAAFRALVAQCLVCVPWDARPPPAAPSFRQVSCLKELVARVLQRLCERGAKNVLAFGFALLDGARGGPPEAFTTSVRSYLPNTVTDALRGSGAWGLLLRRVGDDVLVHLLARCALFVLVAPSCAYQVCGPPLYQLGAATQARPPPHASGPRRRLGCERAWNHSVREAGVPLGLPAPGARRRGGSASRSLPLPKRPRRGAAPEPERTPVGQGSWAHPGRTRGPSDRGFCVVSPARPAEEATSLEGALSGTRHSHPSVGRQHHAGPPSTSRPPRPWDTPCPPVYAETKHFLYSSGDKEQLRPSFLLSSLRPSLTGARRLVETIFLGSRPWMPGTPRRLPRLPQRYWQMRPLFLELLGNHAQCPYGVLLKTHCPLRAAVTPAAGVCAREKPQGSVAAPEEEDTDPRRLVQLLRQHSSPWQVYGFVRACLRRLVPPGLWGSRHNERRFLRNTKKFISLGKHAKLSLQELTWKMSVRDCAWLRRSPGVGCVPAAEHRLREEILAKFLHWLMSVYVVELLRSFFYVTETTFQKNRLFFYRKSVWSKLQSIGIRQHLKRVQLRELSEAEVRQHREARPALLTSRLRFIPKPDGLRPIVNMDYVVGARTFRREKRAERLTSRVKALFSVLNYERARRPGLLGASVLGLDDIHRAWRTFVLRVRAQDPPPELYFVKVDVTGAYDTIPQDRLTEVIASIIKPQNTYCVRRYAVVQKAAHGHVRKAFKSHVSTLTDLQPYMRQFVAHLQETSPLRDAVVIEQSSSLNEASSGLFDVFLRFMCHHAVRIRGKSYVQCQGIPQGSILSTLLCSLCYGDMENKLFAGIRRDGLLLRLVDDFLLVTPHLTHAKTFLRTLVRGVPEYGCVVNLRKTVVNFPVEDEALGGTAFVQMPAHGLFPWCGLLLDTRTLEVQSDYSSYARTSIRASLTFNRGFKAGRNMRRKLFGVLRLKCHSLFLDLQVNSLQTVCTNIYKILLLQAYRFHACVLQLPFHQQVWKNPTFFLRVISDTASLCYSILKAKNAGMSLGAKGAAGPLPSEAVQWLCHQAFLLKLTRHRVTYVPLLGSLRTAQTQLSRKLPGTTLTALEAAANPALPSDFKTILD,227,S,10224060,PKB_group,LTP,Homo sapiens,2004-12-31 00:00:00+01
